"","ticker","date","variable","value"
"1","SHJ","30 June 2016","Address","30 Makerston Street  Level 6, 4000"
"2","SHJ","30 June 2016","Auditor:","Ernst & Young"
"3","SHJ","30 June 2016","City/Country:","Brisbane, Australia"
"4","SHJ","30 June 2016","Company sector name:","Consumer Cyclical"
"5","SHJ","30 June 2016","End of fiscal year:","30 June 2016"
"6","SHJ","30 June 2016","Industry group name","Personal Services"
"7","SHJ","30 June 2016","Industry name:","Personal Services"
"8","SHJ","30 June 2016","Web address:","http://www.shine.com.au"
"9","SHJ","30 June 2016","Assets Turnover","2.08"
"10","SHJ","30 June 2016","Book-Value pS","0.83"
"11","SHJ","30 June 2016","Cash Flow pS","0.10"
"12","SHJ","30 June 2016","Cash pS","0.07"
"13","SHJ","30 June 2016","Current Ratio","3.00"
"14","SHJ","30 June 2016","Dividend pS (DPS)","0.02"
"15","SHJ","30 June 2016","Dividend Yield","1.34"
"16","SHJ","30 June 2016","Domestic Sales","-"
"17","SHJ","30 June 2016","Earnings pS (EPS)","0.09"
"18","SHJ","30 June 2016","EBITDA Margin","15.37"
"19","SHJ","30 June 2016","Effective Tax Rate","-"
"20","SHJ","30 June 2016","Foreign Sales","-"
"21","SHJ","30 June 2016","Free Cash Flow pS","0.07"
"22","SHJ","30 June 2016","Gross gearing","44.36"
"23","SHJ","30 June 2016","Gross Profit Margin","0.00"
"24","SHJ","30 June 2016","Interest Cover","7.47"
"25","SHJ","30 June 2016","Latest Shares Outstanding","173.16"
"26","SHJ","30 June 2016","Leverage Ratio (Assets/Equity)","1.80"
"27","SHJ","30 June 2016","LT Debt/Total Capital","0.16"
"28","SHJ","30 June 2016","Market Capitalisation","225.77"
"29","SHJ","30 June 2016","Net Debt","139.17"
"30","SHJ","30 June 2016","PE Ratio","15.23"
"31","SHJ","30 June 2016","Pre-Tax Profit Margin","11.23"
"32","SHJ","30 June 2016","Research & Devlopment (R&D) as ...","0.00"
"33","SHJ","30 June 2016","Return on Assets (ROA)","0.05"
"34","SHJ","30 June 2016","Return on Capital Invested (ROC...","0.08"
"35","SHJ","30 June 2016","Return on Equity (ROE)","0.08"
"36","SHJ","30 June 2016","Sales per Employee","-"
"37","SHJ","30 June 2016","Selling, General & Adm/tive (SG...","60.19"
"38","SHJ","30 June 2016","SHJ KEY FIGURES (at previous day's close)",NA
"39","SHJ","30 June 2016","Spread","0.03"
"40","SHJ","30 June 2016","Tangible Book-Value pS","0.78"
"41","SHJ","30 June 2016","Total Debt/Equity (Gearing Rati...","0.25"
"42","SHJ","30 June 2016","Working Capital pS","1.66"
"43","SHJ","30 June 2016","Yesterday's Close","1.31"
"44","SHJ","30 June 2016","1 Month","1.41"
"45","SHJ","30 June 2016","1 Month","1.26"
"46","SHJ","30 June 2016","1 Week","1.40"
"47","SHJ","30 June 2016","1 Year","2.35"
"48","SHJ","30 June 2016","1 Year","2.11"
"49","SHJ","30 June 2016","3 Months","1.45"
"50","SHJ","30 June 2016","3 Months","1.01"
"51","SHJ","30 June 2016","3 Years","3.45"
"52","SHJ","30 June 2016","3 Years","1.65"
"53","SHJ","30 June 2016","5 Years","1.40"
"54","SHJ","30 June 2016","5 Years","3.45"
"55","SHJ","30 June 2016","6 Months","1.45"
"56","SHJ","30 June 2016","6 Months","0.79"
"57","SHJ","30 June 2016","Period †","High"
"58","SHJ","30 June 2016","Period †","Open"
"59","SHJ","30 June 2016","","1 year"
"60","SHJ","30 June 2016","","LSE
				
			
		
				
					GKP
				
			
		
				Gulf Keyst..
			
		

	
				
					LSE
				
			
		
				
					QPP
				
			
		
				Quindell
			
		

	
				
					FTSE
				
			
		
				
					UKX
				
			
		
				FTSE 100
			
		

	
				
					LSE
				
			
		
				
					IOF
				
			
		
				Iofina
			
		

	
				
					FX
				
			
		
				
					GBPUSD
				
			
		
				UK Sterlin..
			
		
			

						
						Stocks you've viewed will appear in this box, letting you easily return to quotes you've seen previously.Register now to create your own custom streaming stock watchlist."
"61","SHJ","30 June 2016","CFO growth","0.62"
"62","SHJ","30 June 2016","Diluted continuous EPS growth","-0.50"
"63","SHJ","30 June 2016","Diluted EPS growth","-0.50"
"64","SHJ","30 June 2016","Dividend growth","0.00"
"65","SHJ","30 June 2016","Equity per share growth","0.07"
"66","SHJ","30 June 2016","FCF growth","0.60"
"67","SHJ","30 June 2016","Net income cont growth","-0.50"
"68","SHJ","30 June 2016","Net income growth","-0.50"
"69","SHJ","30 June 2016","Operating income growth","-0.18"
"70","SHJ","30 June 2016","Operating revenue growth","0.09"
"71","SHJ","30 June 2016","Revenue growth","0.09"
"72","SHJ","30 June 2016","SHJ Growth Ratios (30 June 2016)",NA
"73","SHJ","30 June 2016","Amortization","1.13"
"74","SHJ","30 June 2016","Basic EPS","0.09"
"75","SHJ","30 June 2016","Basic EPS from Continuing Ope...","0.09"
"76","SHJ","30 June 2016","Basic EPS from Discontinued O...","0.00"
"77","SHJ","30 June 2016","Basic EPS,Continuing and Disc...","0.09"
"78","SHJ","30 June 2016","Basic Weighted Average Shares...","173.00"
"79","SHJ","30 June 2016","Calculated Tax Effect Of Unus...","-2.50"
"80","SHJ","30 June 2016","Commission Expenses","3.97"
"81","SHJ","30 June 2016","Depreciation","2.28"
"82","SHJ","30 June 2016","Depreciation and Amortization","3.42"
"83","SHJ","30 June 2016","Depreciation,Reconciled","3.42"
"84","SHJ","30 June 2016","Diluted EPS","0.09"
"85","SHJ","30 June 2016","Diluted EPS from Continuing O...","0.09"
"86","SHJ","30 June 2016","Diluted EPS from Discontinued...","0.00"
"87","SHJ","30 June 2016","Diluted EPS,Continuing and Di...","0.09"
"88","SHJ","30 June 2016","Diluted Weighted Average Shar...","173.00"
"89","SHJ","30 June 2016","Discontinued Operations","0.00"
"90","SHJ","30 June 2016","Dividend Per Share","0.02"
"91","SHJ","30 June 2016","Earning Before Interest and T...","21.80"
"92","SHJ","30 June 2016","Earning Before Interest Tax D...","25.22"
"93","SHJ","30 June 2016","Gain on Sale of Property,Plan...","-0.11"
"94","SHJ","30 June 2016","General and Administrative Ex...","85.32"
"95","SHJ","30 June 2016","Interest and Dividend Income","0.25"
"96","SHJ","30 June 2016","Interest Expense","3.38"
"97","SHJ","30 June 2016","Interest Expense-Non Operatin...","3.38"
"98","SHJ","30 June 2016","Interest Income-Non Operating","0.25"
"99","SHJ","30 June 2016","Interest Income/Expense,Net-N...","-3.13"
"100","SHJ","30 June 2016","Minority Interest","0.00"
"101","SHJ","30 June 2016","Net Income","14.82"
"102","SHJ","30 June 2016","Net Income Available to Commo...","14.82"
"103","SHJ","30 June 2016","Net Income from Continuing an...","14.82"
"104","SHJ","30 June 2016","Net Income from Continuing Op...","14.82"
"105","SHJ","30 June 2016","Net Income from Continuing Op...","14.82"
"106","SHJ","30 June 2016","Net Income Including Noncontr...","14.82"
"107","SHJ","30 June 2016","Net Interest Income","-3.13"
"108","SHJ","30 June 2016","Non Operating Expense","-3.13"
"109","SHJ","30 June 2016","Non Operating Income","-12.78"
"110","SHJ","30 June 2016","Normalized Basic EPS","0.15"
"111","SHJ","30 June 2016","Normalized Diluted EPS","0.15"
"112","SHJ","30 June 2016","Normalized Income","25.10"
"113","SHJ","30 June 2016","Operating Expenses","129.70"
"114","SHJ","30 June 2016","Operating Income","34.33"
"115","SHJ","30 June 2016","Operating Revenue","164.03"
"116","SHJ","30 June 2016","Other Income/Expense,Net","-12.78"
"117","SHJ","30 June 2016","Other Special Charges,Other","12.67"
"118","SHJ","30 June 2016","Preferred Stock Dividends","0.00"
"119","SHJ","30 June 2016","Pretax Income","18.43"
"120","SHJ","30 June 2016","Provision for Doubtful Accoun...","0.24"
"121","SHJ","30 June 2016","Provision for Income Tax","3.60"
"122","SHJ","30 June 2016","Salary and Benefit","82.96"
"123","SHJ","30 June 2016","Selling and Marketing Expense","13.41"
"124","SHJ","30 June 2016","Selling,General and Administr...","98.73"
"125","SHJ","30 June 2016","SHJ Income Statement 30 June 2016 (AUD)",NA
"126","SHJ","30 June 2016","Tax rate for calculations","0.20"
"127","SHJ","30 June 2016","Total Revenue","164.03"
"128","SHJ","30 June 2016","TotalUnusualItems","-12.78"
"129","SHJ","30 June 2016","TotalUnusualItemsExcludingGoo...","-12.78"
"130","SHJ","30 June 2016","Assets turnover","0.50"
"131","SHJ","30 June 2016","Capital expenditure sales ratio","0.03"
"132","SHJ","30 June 2016","Cash conversion cycle","-"
"133","SHJ","30 June 2016","Days in inventory","-"
"134","SHJ","30 June 2016","Days in payment","-"
"135","SHJ","30 June 2016","Days in sales","35.93"
"136","SHJ","30 June 2016","FCF net income ratio","0.78"
"137","SHJ","30 June 2016","FCF sales ratio","0.07"
"138","SHJ","30 June 2016","Fixed assets turnover","27.25"
"139","SHJ","30 June 2016","Inventory turnover","-"
"140","SHJ","30 June 2016","Payable turnover","-"
"141","SHJ","30 June 2016","Receivable turnover","10.16"
"142","SHJ","30 June 2016","ROA","0.05"
"143","SHJ","30 June 2016","ROE","0.08"
"144","SHJ","30 June 2016","ROIC","0.08"
"145","SHJ","30 June 2016","SHJ Efficency Ratios (30 June 2016)",NA
"146","SHJ","30 June 2016","Current ratio","3.00"
"147","SHJ","30 June 2016","Debt equity ratio","0.19"
"148","SHJ","30 June 2016","Debt total capital ratio","0.16"
"149","SHJ","30 June 2016","Financial leverage","1.80"
"150","SHJ","30 June 2016","Quick ratio","0.55"
"151","SHJ","30 June 2016","SHJ Financial Health Ratios (30 June 2016)",NA
"152","SHJ","30 June 2016","Total debt to equity","0.25"
"153","SHJ","30 June 2016","Avg gross margin","-"
"154","SHJ","30 June 2016","Avg net profit","-"
"155","SHJ","30 June 2016","Avg post tax margin","-"
"156","SHJ","30 June 2016","Avg pre tax marginr","-"
"157","SHJ","30 June 2016","Avg ret assets","-"
"158","SHJ","30 June 2016","Avg ret commonr","-"
"159","SHJ","30 June 2016","Avg ret invested capital","-"
"160","SHJ","30 June 2016","Growth ann capital spending","-"
"161","SHJ","30 June 2016","Growth ann gross profit","-"
"162","SHJ","30 June 2016","SHJ Avearge Growth Ratios Over 5 Years (30 June 2016)",NA
"163","SHJ","30 June 2016","EBIT margin","0.13"
"164","SHJ","30 June 2016","EBITDA margin","0.15"
"165","SHJ","30 June 2016","EBT margin","0.11"
"166","SHJ","30 June 2016","Gross margin","-"
"167","SHJ","30 June 2016","Inc per employee tot ops","-"
"168","SHJ","30 June 2016","Interest coverage","6.46"
"169","SHJ","30 June 2016","Net margin","0.09"
"170","SHJ","30 June 2016","Normalized net profit margin","0.15"
"171","SHJ","30 June 2016","Operating margin","0.21"
"172","SHJ","30 June 2016","Sales per employee","-"
"173","SHJ","30 June 2016","SHJ Profitability Ratios (30 June 2016)",NA
"174","SHJ","30 June 2016","Tax rate","0.20"
"175","SHJ","30 June 2016","Book value per share","1.02"
"176","SHJ","30 June 2016","Cash return","0.04"
"177","SHJ","30 June 2016","CF per share","0.07"
"178","SHJ","30 June 2016","Div payout 5 year","-"
"179","SHJ","30 June 2016","Div payout tot ops","0.17"
"180","SHJ","30 June 2016","Div rate","0.03"
"181","SHJ","30 June 2016","Dividend yield","0.02"
"182","SHJ","30 June 2016","Growth ann sales per share 5 ye...","-"
"183","SHJ","30 June 2016","Payout ratio","0.17"
"184","SHJ","30 June 2016","Price to book","1.05"
"185","SHJ","30 June 2016","Price to cash flow","16.29"
"186","SHJ","30 June 2016","Price to EPS","10.45"
"187","SHJ","30 June 2016","Price to free cash flow","24.04"
"188","SHJ","30 June 2016","Price to sales","1.30"
"189","SHJ","30 June 2016","Ratio PE 5 year high","33.71"
"190","SHJ","30 June 2016","Ratio PE 5 year low","4.59"
"191","SHJ","30 June 2016","Sales per share","0.82"
"192","SHJ","30 June 2016","SHJ Valuation Ratios (30 June 2016)",NA
"193","SHJ","30 June 2016","Sustainable growth rate","0.10"
"194","SHJ","30 June 2016","Accounts Payable","4.36"
"195","SHJ","30 June 2016","Accounts Receivable,Non-Curre...","3.77"
"196","SHJ","30 June 2016","Accumulated Depreciation","-5.68"
"197","SHJ","30 June 2016","Accumulated Gains/ Losses Not...","0.00"
"198","SHJ","30 June 2016","Capital Lease Obligations","3.90"
"199","SHJ","30 June 2016","Capital Stock","53.15"
"200","SHJ","30 June 2016","Cash","12.12"
"201","SHJ","30 June 2016","Cash and Cash Equivalents","12.12"
"202","SHJ","30 June 2016","Cash,Cash Equivalents,and Sho...","12.12"
"203","SHJ","30 June 2016","Common Stock","53.15"
"204","SHJ","30 June 2016","Common Stock Equity","189.77"
"205","SHJ","30 June 2016","Current Assets","160.25"
"206","SHJ","30 June 2016","Current Debt","11.82"
"207","SHJ","30 June 2016","Current Debt and Capital Leas...","12.74"
"208","SHJ","30 June 2016","Current Liabilities","53.36"
"209","SHJ","30 June 2016","Current Portion of Capital Le...","0.92"
"210","SHJ","30 June 2016","Deferred Liabilities, Non cur...","59.99"
"211","SHJ","30 June 2016","Deferred Taxes,Non-Current Li...","59.99"
"212","SHJ","30 June 2016","Goodwill","42.41"
"213","SHJ","30 June 2016","Goodwill and Other Intangible...","45.72"
"214","SHJ","30 June 2016","Gross Property,Plant,and Equi...","11.08"
"215","SHJ","30 June 2016","Inventories","101.29"
"216","SHJ","30 June 2016","Invested Capital","233.81"
"217","SHJ","30 June 2016","Investments and Advances","0.00"
"218","SHJ","30 June 2016","Long Term Debt","32.23"
"219","SHJ","30 June 2016","Long Term Debt and Capital Le...","35.20"
"220","SHJ","30 June 2016","Long Term Portion of Capital ...","2.97"
"221","SHJ","30 June 2016","Net Property,Plant,and Equipm...","5.40"
"222","SHJ","30 June 2016","Net Tangible Assets","144.05"
"223","SHJ","30 June 2016","Ordinary Shares Number","173.16"
"224","SHJ","30 June 2016","Other Current Assets","29.08"
"225","SHJ","30 June 2016","Other Current Liabilities","6.30"
"226","SHJ","30 June 2016","Other Intangible Assets","3.31"
"227","SHJ","30 June 2016","Other Non-Current Assets","125.92"
"228","SHJ","30 June 2016","Other Non-Current Liabilities","2.73"
"229","SHJ","30 June 2016","Other Payable","29.96"
"230","SHJ","30 June 2016","Payables","34.33"
"231","SHJ","30 June 2016","Payables and Accrued Expenses","34.33"
"232","SHJ","30 June 2016","Preferred Stock","0.00"
"233","SHJ","30 June 2016","Prepaid Assets and Others","0.64"
"234","SHJ","30 June 2016","Receivables","17.12"
"235","SHJ","30 June 2016","Retained Earnings","136.62"
"236","SHJ","30 June 2016","SHJ Balance Sheet 30 June 2016 (AUD)",NA
"237","SHJ","30 June 2016","Short Term Investments","0.00"
"238","SHJ","30 June 2016","Stockholder's Equity","189.77"
"239","SHJ","30 June 2016","Tangible Book Value","144.05"
"240","SHJ","30 June 2016","Total Assets","341.05"
"241","SHJ","30 June 2016","Total Capitalization","222.00"
"242","SHJ","30 June 2016","Total Debt","47.94"
"243","SHJ","30 June 2016","Total Equity","189.77"
"244","SHJ","30 June 2016","Total Equity","189.77"
"245","SHJ","30 June 2016","Total Liabilities","151.29"
"246","SHJ","30 June 2016","Total Liabilities Inc MI","151.29"
"247","SHJ","30 June 2016","Total Non-Current Assets","180.80"
"248","SHJ","30 June 2016","Total Non-Current Liabilities","97.92"
"249","SHJ","30 June 2016","Total Non-Current Liabilities...","97.92"
"250","SHJ","30 June 2016","Working Capital","106.89"
"251","SHJ","30 June 2016","Capital Expenditure","-5.30"
"252","SHJ","30 June 2016","Cash and Cash Equivalents,Beg...","9.39"
"253","SHJ","30 June 2016","Cash and Cash Equivalents,End...","12.12"
"254","SHJ","30 June 2016","Cash Dividends Paid","-3.01"
"255","SHJ","30 June 2016","Cash Flow from Financing Acti...","8.18"
"256","SHJ","30 June 2016","Cash Flow from Investing Acti...","-22.36"
"257","SHJ","30 June 2016","Cash Flow from Operating Acti...","16.90"
"258","SHJ","30 June 2016","Change in Cash","2.72"
"259","SHJ","30 June 2016","Effect of Exchange Rate Chang...","0.00"
"260","SHJ","30 June 2016","Free Cash Flow","11.60"
"261","SHJ","30 June 2016","Income Tax Paid, Supplemental...","0.52"
"262","SHJ","30 June 2016","Interest Paid, Supplemental D...","-2.52"
"263","SHJ","30 June 2016","Issuance of Capital Stock","0.00"
"264","SHJ","30 June 2016","Issuance of Debt","9.81"
"265","SHJ","30 June 2016","Issuance/Payments of Common S...","0.00"
"266","SHJ","30 June 2016","Issuance/Payments of Debt,Net","9.81"
"267","SHJ","30 June 2016","Issuance/Payments of Long Ter...","9.81"
"268","SHJ","30 June 2016","Other Financing Changes, Net","1.38"
"269","SHJ","30 June 2016","Payments to Settle Long Term ...","0.00"
"270","SHJ","30 June 2016","Proceeds or Issuance of Commo...","0.00"
"271","SHJ","30 June 2016","Proceeds or Issuance of Long ...","9.81"
"272","SHJ","30 June 2016","Purchase of Intangibles","-4.26"
"273","SHJ","30 June 2016","Purchase of Investments","-0.44"
"274","SHJ","30 June 2016","Purchase of Property,Plant an...","-1.03"
"275","SHJ","30 June 2016","Purchase/Acquisition of Busin...","-16.62"
"276","SHJ","30 June 2016","Purchase/Sale of Business,Net","-16.62"
"277","SHJ","30 June 2016","Purchase/Sale of Intangibles,...","-4.26"
"278","SHJ","30 June 2016","Purchase/Sale of Investments,...","-0.44"
"279","SHJ","30 June 2016","Purchase/Sale of Property,Pla...","-1.03"
"280","SHJ","30 June 2016","Repayment of Debt","0.00"
"281","SHJ","30 June 2016","Sale of Business","0.00"
"282","SHJ","30 June 2016","Sale of Investments","0.00"
"283","SHJ","30 June 2016","SHJ Cash Flow 30 June 2016 (AUD)",NA
"284","SHJ","30 June 2016","FTSE",NA
"285","SHJ","30 June 2016","FTSE 100",NA
"286","SHJ","30 June 2016","FX",NA
"287","SHJ","30 June 2016","GBPUSD",NA
"288","SHJ","30 June 2016","GKP",NA
"289","SHJ","30 June 2016","Gulf Keyst..",NA
"290","SHJ","30 June 2016","IOF",NA
"291","SHJ","30 June 2016","Iofina",NA
"292","SHJ","30 June 2016","LSE",NA
"293","SHJ","30 June 2016","LSE",NA
"294","SHJ","30 June 2016","LSE",NA
"295","SHJ","30 June 2016","LSE
				
			
		
				
					GKP
				
			
		
				Gulf Keyst..","LSE
				
			
		
				
					QPP
				
			
		
				Quindell"
"296","SHJ","30 June 2016","QPP",NA
"297","SHJ","30 June 2016","Quindell",NA
"298","SHJ","30 June 2016","UK Sterlin..",NA
"299","SHJ","30 June 2016","UKX",NA
